{"intents":[
    {
        "tag": "greet",
        "patterns": [
            "Hello",
            "Hi there",
            "Greetings",
            "Good morning",
            "Good evening"
        ],
        "responses": [
            "Hello! How can I assist you today?",
            "Hi there! What can I do for you?",
            "Greetings! How may I help you?"
        ]
    },
    {
        "tag": "goodbye",
        "patterns": [
            "Bye",
            "See you later",
            "Goodbye",
            "Take care"
        ],
        "responses": [
            "Goodbye! Have a great day!",
            "See you later! Take care!",
            "Bye! Looking forward to our next chat!"
        ]
    },
    {
        "tag": "thanks",
        "patterns": [
            "Thank you",
            "Thanks",
            "I appreciate it",
            "Thanks a lot"
        ],
        "responses": [
            "You're welcome!",
            "No problem, happy to help!",
            "Anytime! Let me know if you need anything else."
        ]
    },
    {
        "tag": "help",
        "patterns": [
            "Can you help me?",
            "I need assistance",
            "Help me please",
            "I have a question"
        ],
        "responses": [
            "Of course! What do you need help with?",
            "I'm here to assist you. What can I do for you?",
            "Sure! Please tell me your question."
        ]
    }
]}